FieldName,FieldOrder,FieldDescription,ValidValues,DataType,UsageNotes,ReportingLevel,DSCRTPFieldClass,DSCRTPCategory,DSCRTPGroup,DarwinCoreClass,DarwinCoreTerm,DarwinCoreLink,DataSubmissionTemplate,InternalUseOnly,PrimaryFields,NeverNull,StandardDownload,MapDisplayFields,MapQuery,GISBased,GoogleForm,ReleaseToOBIS,PointHist,PointNew,PointProgram,TransHist,TransNew,TransProgram,TrawlHist,TrawlNew,TrawlProgram
Flag,1,A value of '1' means record is flagged as 'do not release' for quality assurance. A value of '0' means that the record is not flagged and it can be released.  '-999' means that the record has not yet been assessed for quality.  ,1; 0; -999,Logical,,occurence,Internal&GIS Fields,Flag,Flag,NA,NA,NA,0,1,0,0,0,0,0,0,0,0,P,P,P,P,P,P,P,P,P
FlagReason,2,"Reason why the record was flagged for QA.  We may have multiple flag reasons separated by the pipe character with a leading a trailing space, ' | '.",[value]; NA,Character,,occurence,Internal&GIS Fields,Flag,Flag,NA,NA,NA,0,1,0,0,0,0,0,0,0,0,P,P,P,P,P,P,P,P,P
ShallowFlag,3,A value of 1 denotes a coral or sponge record where DepthInMeters is correct but it is less than 50 meters. A value of 0 denotes a coral that has a correct DepthInMeters greater than or equal to 50 meters.,1; 0; -999,Logical,This is created to capture deep water taxa that reach into shallower areas.,occurence,Internal&GIS Fields,Flag,Flag,NA,NA,NA,0,0,0,0,0,0,0,0,0,0,NA,P,P,P,P,P,P,P,P
DatabaseVersion,4,"Version of the entire database indicated as a date-based version in the format YYYYMMDD-<iteration>.  Example: '20190226-0' for the version created on February 26, 2019.  The zero on the end indicates the iteration number on that day.  If another version of the database was created on that same day, it would be indicated as '20190226-1'.",[value],Character,In ERDDAP as a global variable,global,Provenance & Updates,Record Keeping,ID Database,NA,NA,NA,0,0,0,1,1,0,0,0,0,0,P,P,P,P,P,P,P,P,P
DatasetID,5,Standardized identifier for each dataset within the larger database.  This field is used as the primary grouping variable for associating records together and for creating the dataset dashboards,[value],Character,This value can be thought of as a standardized version of a collection level ID for the data set.  In some cases we break the data down below the collection level if the collection is very large and has differing methods of sampling (see SamplingEquipment term),dataset,Provenance & Updates,Record Keeping,ID Dataset,Record-level,datasetID,http://rs.tdwg.org/dwc/terms/index.htm#datasetID,0,0,1,1,1,1,1,0,0,1,P,P,P,P,P,P,P,P,P
CatalogNumber,6,Unique record identifier controlled by the DSCRTP. It is persistent and the numbers are retired if records are deleted from the database.,[value]; -999,Integer,,occurence,Basic ID & Attribution,Record Keeping,ID Sample,Occurrence,occurrenceID,http://rs.tdwg.org/dwc/terms/occurrenceID,0,0,0,0,1,1,1,0,0,1,NA,P,P,P,P,P,P,P,P
SampleID,7,"The primary identification label or code of the specimen or catch record exactly as reported by the 'DataProvider'. This field, along with 'TrackingID', is used to establish record provenance at the 'DataProvider' institution. Image-based records should also have a SampleID that is a filename or other identifier chosen by the 'DataProvider'.  SampleID should be the primary link back to the original database owned by the 'DataProvider'.  An individual SampleID can be repeated.  For example, there may be multiple taxa in an single image that would require separate records, so that the same SampleID (ID of the image) may be listed multiple times. ",[value],Factor,,occurence,Basic ID & Attribution,Observation Data ,ID Sample,Occurrence,catalogNumber,http://rs.tdwg.org/dwc/terms/index.htm#catalogNumber,1,0,1,1,1,1,0,0,0,1,R,R,R,R,R,R,R,R,R
TrackingID,8,"Additional ID of the sample or observation provided by the ""DataProvider"" (e.g. an additional ID of the occurrence used during field activities or other sample tracking). May be used to indicate transects within an ""EventID"".",[value]; NA,Factor,,occurence,Provenance & Updates,Observation Data ,ID Sample,Occurrence,recordNumber,http://rs.tdwg.org/dwc/terms/recordNumber,1,0,0,0,0,0,0,0,0,1,D,D,D,D,D,D,D,D,D
ImageURL,9,"URL that points to the image on the DSC portal or appropriate archive that displays the specimen of record. In the case of records submitted to the Program, this record is based on the image file indicated in the ImageFilePath variable. This value is created by the Program.",[value]; NA,Character,,occurence,Basic ID & Attribution,Observation Data ,Sample Image,Occurrence,associatedMedia,http://rs.tdwg.org/dwc/terms/associatedMedia,0,0,1,0,1,1,1,0,0,1,P,P,P,P,P,P,P,P,P
HighlightImageURL,10,"URL that points to the highlight image hosted on the DSC portal or appropriate archive that displays the specimen of record. A highlight image is one that is an especially good representative image of the taxa as determined by the 'DataProvider'. In the case of records submitted to the Program, this record is based on the image file indicated in the HighlightImageFilePath variable. This value is created by the Program.  If this image is null, then it is assumed that the imagery associated with this record is not particularly notable. This image URL can be the same as that reported in 'ImageURL', but does not necessarily have to be the same image.",[value]; NA,Character,,occurence,Basic ID & Attribution,Observation Data ,Sample Image,Occurrence,associatedMedia,http://rs.tdwg.org/dwc/terms/associatedMedia,0,0,1,0,1,1,0,0,1,0,P,P,P,P,P,P,P,P,P
Citation,11,"A list (concatenated and separated) of identifiers (publication, bibliographic reference, global unique identifier, URI) of literature associated with the Occurrence. Equivalent to the term associatedReferences in Darwin Core. Multiple citations should be separated by the pipe character with a leading a trailing space, ' | '.  The preferred style guide is Chicago/Turabian. Michigan State University Libraries publishes a helpful guide on how to cite data at the following link: http://libguides.lib.msu.edu/citedata. ",[value],Character,,survey,Basic ID & Attribution,Metadata,ID Institutions and People,Occurrence,associatedReferences,https://dwc.tdwg.org/terms/associatedReferences,1,0,1,1,0,1,0,0,1,1,R,R,R,R,R,R,R,R,R
Repository,12,"Location where the physical sample, or image is stored. This may be a museum, if samples are physical (e.g., 'Smithsonian NMNH') or it may be an institution (e.g., 'NOAA Central Library') that maintains master copies of images or video.",[value]; NA,Factor,,survey,Basic ID & Attribution,Metadata,ID Institutions and People,Record-level,institutionCode,http://rs.tdwg.org/dwc/terms/institutionCode,1,0,0,0,1,0,0,0,1,1,D,D,R,D,D,R,D,D,R
ScientificName,13,"Taxonomic identification of the sample as a Latin binomial (e.g., Primnoa pacifica), or lowest practical level (e.g., Primnoidae).",[value],Character,,occurence,Taxonomy/Identification,TaxonomicID,Taxonomy Names,Taxon,scientificName,http://rs.tdwg.org/dwc/terms/#scientificName,1,0,1,1,1,1,1,0,0,1,R,R,R,R,R,R,R,R,R
VerbatimScientificName,14,The 'ScientificName' exactly as reported by the 'DataProvider'.,"[value], NA",Character,,occurence,Taxonomy/Identification,TaxonomicID,Taxonomy Names,Taxon,NA,NA,0,0,1,0,1,0,1,0,0,0,NA,NA,NA,NA,NA,NA,NA,NA,NA
VernacularNameCategory,15,Common (vernacular) name category of the organism. (This is assigned by DSCRTP data management processes),stony coral (cup coral); stony coral (branching); stony coral (unspecified); black coral; gold coral; gorgonian coral; soft coral; alcyonacean (unspecified); sea pen; lace coral; stoloniferan coral; lithotelestid coral; longhorn hydrozoan coral; other coral-like hydrozoan; sponge (unspecified); glass sponge; demosponge; calcareous sponge; homoscleromorph sponge,Factor,,occurence,Taxonomy/Identification,TaxonomicID,Taxonomy Names,Taxon,vernacularName,http://rs.tdwg.org/dwc/terms/#vernacularName,0,0,0,1,1,1,1,0,0,1,NA,NA,NA,NA,NA,NA,NA,NA,NA
VernacularName,16,Common name(s) of the observed species.,[value]; NA ,Character,,occurence,Taxonomy/Identification,TaxonomicID,Taxonomy Names,NA,NA,NA,0,0,0,0,0,0,0,0,0,0,NA,NA,NA,NA,NA,NA,NA,NA,NA
TaxonRank,17,The TaxonRank term is a companion to the ScientificName term. TaxonRank identifies the level in the taxonomic hierarchy of the ScientificName term.,phylum; class; subclass; order; suborder; family; subfamily; genus; subgenus; species; subspecies; forma; variety,Factor,,occurence,Taxonomy/Identification,TaxonomicID,Taxonomy Names,Taxon,taxonRank,http://rs.tdwg.org/dwc/terms/#taxonRank,0,0,0,1,1,1,0,0,0,1,NA,NA,NA,NA,NA,NA,NA,NA,NA
AphiaID,18,AphiaID of 'ScientificName' from World Register of Marine Species (WoRMS). Access these numeric codes are here: http://www.marinespecies.org/index.php.,[value]; -999,Integer,,occurence,Taxonomy/Identification,TaxonomicID,Taxonomy Names,Taxon,scientificNameID,http://rs.tdwg.org/dwc/terms/scientificNameID,0,0,1,0,0,0,0,0,0,1,P,P,P,P,P,P,P,P,P
LifeScienceIdentifier,19,"Life Science Identifiers are a way to name and locate pieces of information on the web. Essentially, an LSID is a unique identifier for some data, and the LSID protocol specifies a standard way to locate the data (as well as a standard way of describing that data). They are a little like DOIs used by many publishers. An LSID is represented as a uniform resource name (URN) with the following format:
'urn:lsid:Authority:Namespace:ObjectID[:Version]'. An example using WoRMS where genus = 'Thesea':  'urn:lsid:marinespecies.org:taxname:125315'. When searched on common web search services, this LSID provides a clear link to this resource. http://www.marinespecies.org/aphia.php?p=taxdetails&id=125315. This value is assigned by DSCRTP and uses the WoRMS database as the primary authority.",[value]; NA,Character,"In practice, for most all records in this database, it will simply be a concatenation of the string 'urn:lsid:marinespecies.org:taxnam:' and the 'AphiaID'",occurence,Taxonomy/Identification,TaxonomicID,Taxonomy Names,NA,NA,NA,0,0,0,1,0,0,0,0,0,0,NA,NA,NA,NA,NA,NA,NA,NA,NA
Phylum,20,The Phylum in which the taxon is classified.,[value]; NA,Factor,,occurence,Taxonomy/Identification,TaxonomicID,Taxonomy Names,Taxon,phylum,http://rs.tdwg.org/dwc/terms/#phylum,0,0,0,0,1,0,1,0,0,1,NA,NA,NA,NA,NA,NA,NA,NA,NA
Class,21,The Class in which the taxon is classified.,[value]; NA,Factor,,occurence,Taxonomy/Identification,TaxonomicID,Taxonomy Names,Taxon,class,http://rs.tdwg.org/dwc/terms/#class,0,0,0,0,0,0,0,0,0,1,NA,NA,NA,NA,NA,NA,NA,NA,NA
Subclass,22,The Subclass in which the taxon is classified.,[value]; NA,Factor,,occurence,Taxonomy/Identification,TaxonomicID,Taxonomy Names,NA,NA,NA,0,0,0,0,0,0,0,0,0,0,NA,NA,NA,NA,NA,NA,NA,NA,NA
Order,23,The Order in which the taxon is classified.,[value]; NA,Factor,,occurence,Taxonomy/Identification,TaxonomicID,Taxonomy Names,Taxon,order,http://rs.tdwg.org/dwc/terms/#order,0,0,0,0,1,0,1,0,0,1,NA,NA,NA,NA,NA,NA,NA,NA,NA
Suborder,24,The Suborder in which the taxon is classified.,[value]; NA,Factor,,occurence,Taxonomy/Identification,TaxonomicID,Taxonomy Names,NA,NA,NA,0,0,0,0,0,0,0,0,0,0,NA,NA,NA,NA,NA,NA,NA,NA,NA
Family,25,The Family in which the taxon is classified.,[value]; NA,Factor,,occurence,Taxonomy/Identification,TaxonomicID,Taxonomy Names,Taxon,family,http://rs.tdwg.org/dwc/terms/#family,0,0,0,0,1,0,1,0,0,1,NA,NA,NA,NA,NA,NA,NA,NA,NA
Subfamily,26,The Subfamily in which the taxon is classified.,[value]; NA,Factor,,occurence,Taxonomy/Identification,TaxonomicID,Taxonomy Names,NA,NA,NA,0,0,0,0,0,0,0,0,0,0,NA,NA,NA,NA,NA,NA,NA,NA,NA
Genus,27,The Genus in which the taxon is classified.,[value]; NA,Factor,,occurence,Taxonomy/Identification,TaxonomicID,Taxonomy Names,Taxon,genus,http://rs.tdwg.org/dwc/terms/#genus,0,0,0,0,0,0,1,0,0,1,NA,NA,NA,NA,NA,NA,NA,NA,NA
Subgenus,28,The Subgenus in which the taxon is classified.,[value]; NA,Factor,,occurence,Taxonomy/Identification,TaxonomicID,Taxonomy Names,Taxon,subgenus,http://rs.tdwg.org/dwc/terms/#subgenus,0,0,0,0,0,0,0,0,0,1,NA,NA,NA,NA,NA,NA,NA,NA,NA
Species,29,The specific epithet in which the taxon is classified.,[value]; NA,Factor,,occurence,Taxonomy/Identification,TaxonomicID,Taxonomy Names,Taxon,species,http://rs.tdwg.org/dwc/terms/#specificEpithet,0,0,0,0,0,0,0,0,0,1,NA,NA,NA,NA,NA,NA,NA,NA,NA
Subspecies,30,The Subspecies in which the taxon is classified.,[value]; NA,Factor,,occurence,Taxonomy/Identification,TaxonomicID,Taxonomy Names,Taxon,specificEpithet,http://rs.tdwg.org/dwc/terms/#infraspecificEpithet,0,0,0,0,0,0,0,0,0,1,NA,NA,NA,NA,NA,NA,NA,NA,NA
ScientificNameAuthorship,31,Author who originally described the species or subspecies. The author should be consistent with AphiaID and TaxonRank.,[value]; NA,Factor,,occurence,Taxonomy/Identification,TaxonomicID,Taxonomy Names,Taxon,scientificNameAuthorship,http://rs.tdwg.org/dwc/terms/#scientificNameAuthorship,0,0,0,0,0,0,0,0,0,1,NA,NA,NA,NA,NA,NA,NA,NA,NA
TypeStatus,32,"The type status (e.g., holotype, paratype, etc.), if any, of the specimen. Additional information (e.g., typified scientific name, publication) should be included in 'IdentificationComments'.",Holotype; Paratype; Syntype; Lectotype; Paralectotype; Neotype; Allotype; Hypotype; NA,Factor,,occurence,Taxonomy/Identification,TaxonomicID,Taxonomy Names,Identification,typeStatus,http://rs.tdwg.org/dwc/terms/typeStatus,1,0,0,0,0,0,0,0,0,1,D,D,D,NA,NA,NA,D,D,D
OperationalTaxonomicUnit,33,"An operational taxonomic unit (OTU) is an operational identifier used to classify groups of closely related individuals. OTU is a pragmatic identifier to group individuals by similarity, equivalent to, but not necessarily in line with classical Linnaean taxonomy or modern evolutionary taxonomy. This field does not currently have a recommended set of valid values and can be used differently by separate research groups.  See related variables, 'Morphospecies' and 'CombinedNameID'.",[value]; -999,Integer,,occurence,Taxonomy/Identification,TaxonomicID,Taxonomy Names,NA,NA,NA,1,0,0,0,0,0,0,0,0,0,D,D,D,NA,NA,NA,D,D,D
Morphospecies,34,"A taxonomic species characteristic determined based wholly on observed morphological differences from related species. This field allows the 'DataProvider' to record the the extra detail needed to distinguish among different looking organisms of the same 'ScientificName'. For example, it is common within a given survey that a coral or sponge is clearly identifiable to the 'TaxonRank' of 'genus'.  By visual inspection the analyst may also notice morphological differences that are evident, but not diagnostic enough to assigned to 'TaxonRank' of 'species. These morphological notations, e.g. 'msp1, msp2, msp3, or in the case of sponges encrusting, vase, fig, sponge, massive globose etc., may be placed in 'Morphospecies'.  This field does not currently have a recommended set of valid values and can be used differently by separate research groups. See related variables, 'OperationalTaxonomicUnit' and 'CombinedNameID'.",[value]; NA,Factor,"Simple morphospecies names (color, morphology, number) are fine (e.g. white, encrusting sp. 1)
If possible, it would be good to get the ScientificName associated with a morphospecies at least to Class for sponges (e.g., Hexactinellida, Demospongiae - though I recognize this may not always be possible) and to Family for corals.
Don't worry about morphospecies descriptions for well known genera.
Get a good image as an example of each morphospecies that we can later use for an ID guide or for subsequent comparisons among observers
The exact morphology descriptors are less important than consistency within your annotation across the data set
Talk with each other and try to increase consistency within the team.
Bottom-line is: Do what you can, but don't agonize over it or spend inordinate amounts of time trying to get perfect morphospecies descriptors.  Anything is an advance over what others have done in the past.",occurence,Taxonomy/Identification,TaxonomicID,Taxonomy Names,NA,NA,NA,1,0,0,0,0,0,0,0,0,0,D,D,D,NA,NA,NA,D,D,D
CombinedNameID ,35,A simple concatenation of 'ScientificName' and 'Morphospecies'. ,[value]; NA,Factor,internal under development,occurence,Taxonomy/Identification,TaxonomicID,Taxonomy Names,NA,NA,NA,0,0,0,0,0,0,0,0,0,0,NA,NA,NA,NA,NA,NA,NA,NA,NA
Synonyms,36,"Other scientific names used for the specimen or observation, including outdated or synonymized names for the taxon, alternate spellings, or previous identifications.",[value]; NA,Factor,,occurence,Taxonomy/Identification,TaxonomicID,Taxonomy Metadata,NA,NA,NA,0,0,0,0,0,0,1,0,0,0,NA,NA,NA,NA,NA,NA,NA,NA,NA
IdentificationComments,37,"Comments and other info about the characteristics (e.g., color) or taxonomy of the of the sampled or observed organism. If the record is of a type specimen (e.g., holotype), this should be identified in this field along with the associated scientific name and citation.",[value]; NA ,Character,,occurence,Taxonomy/Identification,TaxonomicID,Taxonomy Metadata,Identification,identificationRemarks,http://rs.tdwg.org/dwc/terms/#identificationRemarks,1,0,0,0,0,0,0,0,1,1,NA,D,D,NA,D,D,NA,D,D
IdentifiedBy,38,"Name of individual or institution that assigned the 'ScientificName.' Desired format is 'LastName, FirstName' or a list of names delimited by the pipe character with a leading a trailing space, ' | '.",[value]; NA,Factor,,occurence,Taxonomy/Identification,TaxonomicID,Taxonomy Metadata,Identification,identifiedBy,http://rs.tdwg.org/dwc/terms/#identifiedBy,1,0,1,0,0,0,0,0,1,1,D,R,R,D,R,R,D,R,R
IdentificationDate,39,"UTC date (YYYY-MM-DD). Date on which the sample was identified. If day or month is unknown, use YYYY-MM or YYYY.",YYYY-MM-DD; NA,Date,,occurence,Taxonomy/Identification,TaxonomicID,Taxonomy Metadata,Identification,dateIdentified,http://rs.tdwg.org/dwc/terms/#dateIdentified,1,0,0,0,0,0,0,0,1,1,D,D,R,D,D,R,D,D,R
IdentificationQualifier,40,"Taxonomic identification method and level of expertise. Desired format would be along the following lines: 'genetic ID'; 'morphological ID from sample by taxonomic expert'; 'ID by expert from image'; 'ID by non-expert from video'; etc. An additional qualifier may be included (e.g., 'ID Uncertain').",[value]; NA,Character,,occurence,Taxonomy/Identification,TaxonomicID,Taxonomy Metadata,Identification,identificationQualifier,http://rs.tdwg.org/dwc/terms/#identificationQualifier,1,0,1,0,1,0,0,0,1,1,D,P,R,D,R,R,D,P,R
IdentificationVerificationStatus,41,"IdentificationVerificationStatus - Score of the quality of the identification. 1 = identified from image only, 2 = identified from image and physical specimens sampled from the same region, 3 = identified from image and that specific physical specimen.",1;2;3;-999,Integer,internal under development,occurence,Taxonomy/Identification,TaxonomicID,Taxonomy Metadata,NA,NA,NA,0,0,0,0,0,0,0,0,0,0,D,D,R,D,D,R,D,D,R
AssociatedSequences,42,"Additional ID of samples where genetic sequences have been submitted to GenBank, for example. Multiple sequences may be separated by the pipe character with a leading a trailing space, ' | '.",[value]; NA,Character,,occurence,Taxonomy/Identification,Observation Data ,Taxonomy Names,Occurrence,associatedSequences,http://rs.tdwg.org/dwc/terms/#associatedSequences,1,0,0,0,0,0,0,0,0,1,D,D,D,D,D,D,D,D,D
Ocean,43,Ocean basin where the observation or sample was collected. ,Arctic; North Atlantic; South Atlantic; North Pacific; South Pacific; Indian; Southern,Factor,,survey,Location-Basic,Survey Data ,Location Named Place,Location,waterBody,http://rs.tdwg.org/dwc/terms/#waterBody,0,0,0,1,0,0,0,1,1,1,NA,NA,NA,NA,NA,NA,NA,NA,NA
LargeMarineEcosystem,44,Large Marine Ecosystem using designations set forth at http://geonetwork.vliz.be/geonetwork/srv/eng/catalog.search#/metadata/acc70a46-6a47-411c-9815-436234daba0d. 'NA' = outside of LME boundary.  This field is calculated by the Program based on occurrence location.,[list of LME's]; NA,Factor,,survey,Location-Basic,Event Data,Location Named Place,NA,NA,NA,0,0,0,0,0,0,1,1,1,0,NA,NA,NA,NA,NA,NA,NA,NA,NA
Country,45,"Country in whose Exclusive Economic Zone the observation or sample was collected , based on Exclusive Economic Zones Boundaries (EEZ) [World EEZ v7 (2012-11-20)] from http://marineregions.org/downloads.php .",[value]; NA,Factor,NA = outside of EEZ,survey,Location-Basic,Event Data,Location Named Place,Location,country,http://rs.tdwg.org/dwc/terms/index.htm#country,0,0,0,0,0,0,0,0,1,1,NA,NA,NA,NA,NA,NA,NA,NA,NA
FishCouncilRegion,46,"U.S. Fisheries Management Council (FMC) region where the occurrence is located. In cases of boundary overlap, two councils can be listed separated by the pipe character with a leading a trailing space, ' | '. If the occurrence is in state waters, the adjacent FMC region will be listed. For a map, see: http://www.nmfs.noaa.gov/sfa/management/councils/ .",North Pacific; Pacific; Western Pacific; Gulf of Mexico; South Atlantic; Caribbean; Mid-Atlantic; New England; NA,Factor,,survey,Location-Basic,Event Data,Location Named Place,NA,NA,NA,0,0,0,0,0,NA,1,1,1,0,NA,NA,NA,NA,NA,NA,NA,NA,NA
Locality,47,"A specific named place or named feature of origin for the specimen or observation (e.g., Dixon Entrance, Diaphus Bank, or Sur Ridge). Multiple locality names can be separated by the pipe symbol,' | ', arranged in a list from largest to smallest area (e.g., Gulf of Mexico; West Florida Shelf, Pulley Ridge). ",[value]; NA,Factor,,occurence,Location-Basic,Event Data,Location Named Place,Location,locality,http://rs.tdwg.org/dwc/terms/index.htm#locality,1,0,1,0,1,1,0,0,0,1,D,R,R,D,R,R,D,R,R
Latitude,48,"Latitude in decimal degrees where the sample or observation was collected. Precision should be the same as that originally reported. Geographic coordinate system should be WGS1984. Use 'NavType' and 'LocationAccuracy' to report measurement method and accuracy, respectively.  Use 'LocationComments' to make addtional notes about location determination. ",[value],Float,We should always record original Latitude and Longitude in VerbatimLatitude and VerbatimLongitude. Precision should not be overestimated. ,occurence,Location-Basic,Observation Data ,Location Metric,Location,decimalLatitude,http://rs.tdwg.org/dwc/terms/index.htm#decimalLatitude,1,0,1,1,1,1,0,0,0,1,R,R,R,D,D,D,D,D,D
Longitude,49,"Longitude in decimal degrees where the sample or observation was collected. Precision should be the same as that originally reported. Geographic coordinate system should be WGS1984. Use 'NavType' and 'LocationAccuracy' to report measurement method and accuracy, respectively.  Use 'LocationComments' to make addtional notes about location determination. ",[value],Float,We should always record original Latitude and Longitude in VerbatimLatitude and VerbatimLongitude. Precision should not be overestimated. ,occurence,Location-Basic,Observation Data ,Location Metric,Location,decimalLongitude,http://rs.tdwg.org/dwc/terms/index.htm#decimalLongitude,1,0,1,1,1,1,0,0,0,1,R,R,R,D,D,D,D,D,D
DepthInMeters,50,Best single depth value for sample as a positive value in meters.,[value],Float,,occurence,Location-Basic,Observation Data ,Location-Depth Metric,NA,NA,NA,1,0,1,1,1,1,1,0,0,0,D,R,R,D,R,R,R,R,R
DepthMethod,51,Select method by which best singular depth in meters (DepthInMeters) was determined. Place method details in 'LocationComments'. Select 'averaged' when start and stop depths were averaged. Select 'assigned' when depth was derived from bathymetry at the location. Select 'reported' when depth was reported based on instrumentation or described in literature.,averaged; assigned;  reported,Factor,,occurence,Location-Basic,Event Data,Location Depth Metadata,NA,NA,NA,1,0,1,1,1,1,0,0,1,0,D,R,R,D,R,R,D,R,R
MinimumDepthInMeters,52,"Positive integer used to express the minimum depth of the observation. If 'DataProvider' gives a single depth, the 'MinimumDepthInMeters' and 'MaximumDepthInMeters' will be equal. If no depth information was provided, both the min and max terms will be -999.","[value], -999",Float,,occurence,Location-Basic,Event Data,Location-Depth Metric,Location,minimumDepthInMeters,http://rs.tdwg.org/dwc/terms/index.htm#minimumDepthInMeters,1,0,1,0,0,0,0,0,0,1,D,D,D,D,D,R,D,D,R
MaximumDepthInMeters,53,"Positive integer used to express the maximum depth of the observation. If 'DataProvider' gives a single depth, the 'MinimumDepthInMeters' and 'MaximumDepthInMeters' will be equal. If no depth information was provided, both the min and max terms will be -999.","[value], -999",Float,,occurence,Location-Basic,Event Data,Location-Depth Metric,Location,maximumDepthInMeters,http://rs.tdwg.org/dwc/terms/index.htm#maximumDepthInMeters,1,0,1,0,0,0,0,0,0,1,D,D,D,D,D,R,D,D,R
LocationComments,54,Comments and other info about how the location (including depth) was determined.  Also comment on any uncertainty regarding the geographic or depth coordinates.,[value]; NA,Character,,occurence,Location-Basic,Event Data,Location Metadata,Location,locationRemarks,http://rs.tdwg.org/dwc/terms/index.htm#locationRemarks,1,0,0,0,0,0,0,0,0,1,NA,D,D,NA,D,D,NA,D,D
ObservationDate,55,"Date formatted as YYYY-MM-DD. If month or day is unknown use YYYY-MM or YYYY. Please convert from local date to Universal Time Code (UTC).  In some rare cases, the 'ObservationDate' is unknown, as for some museum records.  Every effort should be made to recover 'ObservationDate' if missing.",YYYY-MM-DD; YYYY-MM; YYYY; NA,Date,,occurence,Survey&Event,Observation Data ,Sample Date,Event,eventDate,http://rs.tdwg.org/dwc/terms/index.htm#eventDate,1,0,1,0,1,1,0,0,0,1,D,R,R,D,R,R,D,R,R
ObservationYear,56,"Year the observation was made in YYYY format (or beginning year of a range, if exact year is unknown).",YYYY; NA,Date,,survey,Survey&Event,Observation Data,Sample Date,Event,year,http://rs.tdwg.org/dwc/terms/index.htm#year,0,0,0,0,0,1,1,0,0,1,P,P,P,P,P,P,P,P,P
ObservationTime,57,Time as hh:mm:ss when the sample/observation occurred. Use UTC.,hh:mm:ss; NA,Date,,occurence,Survey&Event,Observation Data ,Sample Date,Event,eventTime,http://rs.tdwg.org/dwc/terms/index.htm#eventTime,1,0,1,0,0,0,0,0,0,1,D,D,D,NA,NA,NA,NA,NA,NA
SurveyID,58,"Name or ID of the cruise or project in which the sample or observation was collected (e.g, 'EX1202L2' or 'Lophelia II: Reefs, Rigs, and Wrecks'). Many events ('EventID') can be associated with one survey ('SurveyID'). Every effort should be made to use a 'SurveyID' which is standard for the vessel or program.  The 'SurveyID' will often be referred to as 'cruise ID' in common communication. ",[value],Factor,,survey,Survey&Event,Survey Data ,ID Survey,Event,parentEventID,http://rs.tdwg.org/dwc/terms/parentEventID,1,0,1,1,1,1,0,0,1,1,D,D,R,D,D,R,D,D,R
Vessel,59,"Name of the vessel used for collecting the sample or observation. Provide the full name of the vessel, in plain text with no prefix, e.g; 'Ronald H. Brown'. A list of valid vessel names is maintained by DSCRTP to standardize the vessel naming convention.",[value]; NA,Factor,,survey,Survey&Event,Survey Data ,ID Equipment,MeasurementOrFact,sailingVessel,http://rs.tdwg.org/dwc/terms/measurementType,1,0,1,0,0,1,0,0,1,1,D,D,R,D,D,R,D,D,R
PI,60,"Principal Investigator or Chief Scientist of the cruise during which the sample was collected, or individual who collected the sample. Desired format is 'LastName, FirstName'.",[value]; NA,Factor,,survey,Survey&Event,Survey Data ,ID Institutions and People,NA,NA,NA,1,0,1,0,0,1,0,0,1,0,D,D,R,D,D,R,D,D,R
PIAffiliation,61,"Affiliation of the Principal Investigator. Well established acronyms or abbreviations are acceptable (e.g., MBARI or WHOI).",[value]; NA,Factor,,survey,Survey&Event,Survey Data ,ID Institutions and People,NA,NA,NA,1,0,1,0,0,1,0,0,1,0,D,D,R,D,D,R,D,D,R
Purpose,62,"Purpose of the cruise during which the sample or observation was collected (e.g. 'deep-sea coral survey', 'exploration', or 'groundfish survey').",[value]; NA,Character,,survey,Survey&Event,Survey Data ,ID Survey,NA,NA,NA,1,0,0,0,0,0,0,0,1,0,D,D,R,D,D,R,D,D,R
SurveyComments,63,Comments and other information about the cruise/survey or programs sponsoring the cruise/survey.,[value]; NA,Character,,survey,Survey&Event,Survey Data ,ID Survey,Record-Level Term,eventRemarks,http://rs.tdwg.org/dwc/terms/eventRemarks,1,0,0,0,0,0,0,0,1,1,NA,D,D,NA,D,D,NA,D,D
Station,64,"Reference ID of the station where the sample or observation was collected. For example, '78G9-III'.",[value]; NA,Factor,,occurence,Survey&Event,Event Data,ID Event,NA,NA,NA,1,0,1,0,1,0,0,0,0,0,D,D,D,D,D,D,D,D,D
EventID,65,"ID of the survey event (e.g., dive number, transect, or trawl haul number) on which the sample was made.",[value]; NA,Factor,,occurence,Survey&Event,Event Data,ID Event,Event,eventID,http://rs.tdwg.org/dwc/terms/index.htm#eventID,1,0,1,0,1,1,0,0,0,1,D,R,R,D,R,R,D,R,R
SamplingEquipment,66,Method of data collection. ,ROV; AUV; submersible; drop camera; towed camera; trawl; net; dredge; longline; pot; hook and line; grab; corer; SCUBA; other; epibenthic sled,Factor,,survey,Survey&Event,Event Data,ID Equipment,MeasurementOrFact,samplingEquipment,http://rs.tdwg.org/dwc/terms/measurementType,1,0,1,1,1,0,0,0,1,1,D,D,R,D,D,R,D,D,R
VehicleName,67,"Name or ID of the AUV, ROV, submersible, etc. used to collect sample (e.g., 'Jason II'). Provide the full name of the vehicle, in plain text with no prefix. Use the field 'SamplingEquipment' to indicate vehicle type. A list of valid vehicle names is maintained by DSCRTP to verify and standardize data entries in this field.",[value]; NA,Factor,,survey,Survey&Event,Event Data,ID Equipment,MeasurementOrFact,vehicleName,http://rs.tdwg.org/dwc/terms/measurementType,1,0,1,0,0,1,0,0,1,1,D,D,R,D,D,R,D,D,R
SampleAreaInSquareMeters,68,"The area in square meters, if projected vertically to a plane representing the seafloor surface, of the sample space in which the observation was made.  Use 'footprintWKT' field to specify the exact shape of the sampling space.",[value]; -999,Float,,occurence,Survey&Event,Occurrence Detail,Location Metric,Event,sampleSizeValue,http://rs.tdwg.org/dwc/terms/sampleSizeValue,1,0,1,0,0,0,0,0,0,1,D,D,D,D,D,D,D,D,D
footprintWKT,69,"A Well-Known Text (WKT) representation of the shape (footprint, geometry) that defines the sample area. As an example, for downward looking or oblique still images, this would be a polygon representing the footprint of the viewable area (an orthogonal projection using the sea floor as the projection plane).   For a video transect, this would be a polygon that represents the footprint of the entire viewable area throughout the length of the video. To report the actual area of the sample, see 'SampleAreaInSquareMeters'.  Also please report 'footprintSRS' if you report 'footprintWKT'.  Example: the one-degree bounding box with opposite corners at (longitude=10, latitude=20) and (longitude=11, latitude=21) would be expressed in well-known text as POLYGON ((10 20, 11 20, 11 21, 10 21, 10 20)). For discussion see http://terms.tdwg.org/wiki/dwc:footprintWKT",[value]; NA,Character,,occurence,Survey&Event,Occurrence Detail,Location Metric,Location,footprintWKT,http://tdwg.github.io/dwc/terms/index.htm#footprintWKT,1,0,0,0,0,0,0,1,0,1,D,D,D,D,D,D,D,D,D
footprintSRS,70,"A Well-Known Text (WKT) representation of the Spatial Reference System (SRS) for the footprintWKT of the Location. Do not use this term to describe the SRS of the Latitude and Longitude, even if it is the same as for the footprintWKT.  'footprintSRS' must always be populated if 'footprintWKT' is given.  Example: The WKT for the standard WGS84 SRS (EPSG:4326) is ""GEOGCS[""GCS_WGS_1984"",DATUM[""D_WGS_1984"",SPHEROID[""WGS_1984"",6378137,298.257223563]],PRIMEM[""Greenwich"",0],UNIT[""Degree"",0.0174532925199433]]"" without the enclosing quotes. For discussion see http://terms.tdwg.org/wiki/dwc:footprintSRS",[value]; NA,Character,,occurence,Survey&Event,Occurrence Detail,Location Metric,Location,footprintSRS,http://tdwg.github.io/dwc/terms/index.htm#footprintSRS,1,0,0,0,0,0,0,1,0,1,D,D,D,D,D,D,D,D,D
IndividualCount,71,"Number of individuals (e.g., sponges or non-colonial corals), colonies (e.g., octocorals, black corals) or patches (e.g., framework forming corals where individual colonies cannot be distinguished) as a positive integer. If categorical, use  'CategoricalAbundance' . Write -999 if no count is available for presence-only data. Add 'present' to the 'CategoricalAbundance' field.",[positive integers]; -999,Integer,,occurence,Survey&Event,Occurrence Detail,Sample Metric,Occurrence,individualCount,http://rs.tdwg.org/dwc/terms/#individualCount,1,0,1,0,0,0,0,0,0,1,D,R,R,D,D,D,D,D,D
CategoricalAbundance,72,"Abundance category of corals/sponges of the same ScientificName at the sample location.  If data is presence only, write 'present' in CategoricalAbundance and set IndividualCount = '-999'.",present; 1; 2-10; 11-20; 21-50; 51-100; >100; NA,Factor,,occurence,Survey&Event,Occurrence Detail,Sample Metric,MeasurementOrFact,categoricalAbundance,http://rs.tdwg.org/dwc/terms/measurementType,1,0,0,0,0,0,0,0,0,1,D,D,D,D,D,D,D,D,D
Density,73,Number of individuals (or colonies) per square meter for an observation.,"[value], -999",Float,,occurence,Survey&Event,Occurrence Detail,Sample Metric,MeasurementOrFact,organismDensity,http://rs.tdwg.org/dwc/terms/measurementType,1,0,0,0,0,0,0,0,0,1,NA,NA,NA,D,D,D,NA,NA,NA
Cover,74,Percent of sampled area covered by organism of interest. This field is generally used for framework-forming stony corals for which individual counts are difficult.,"[positive integers from 0-100], -999",Integer,,occurence,Survey&Event,Occurrence Detail,Sample Metric,MeasurementOrFact,cover,http://rs.tdwg.org/dwc/terms/measurementType,1,0,0,0,0,0,0,0,0,1,D,D,D,D,D,D,D,D,D
VerbatimSize,75,"This field is used to store the originally reported Size value if they were not in our required format.  If the data provider is available to provide values in our required format, then that is preferable.  ",[value]; NA,Character,,occurence,Survey&Event,Occurrence Detail,Sample Metric,MeasurementOrFact,verbatimSize,http://rs.tdwg.org/dwc/terms/measurementType,0,0,0,0,0,0,0,0,0,1,NA,NA,NA,NA,NA,NA,NA,NA,NA
MinimumSize,76,"Minimum size of the taxon observed. Methods for determining size (e.g., height or maximum diameter) should be noted in 'OccurrenceComments.'",[value]; -999,Float,,occurence,Survey&Event,Occurrence Detail,Sample Metric,MeasurementOrFact,minimumSize,http://rs.tdwg.org/dwc/terms/measurementType,1,0,1,0,0,0,0,0,0,1,D,D,D,NA,NA,NA,NA,NA,NA
MaximumSize,77,"Maximum size of the taxon observed. Methods for determining size (e.g., height or maximum diameter) should be noted in 'OccurrenceComments.'",[value]; -999,Float,,occurence,Survey&Event,Occurrence Detail,Sample Metric,MeasurementOrFact,maximumSize,http://rs.tdwg.org/dwc/terms/measurementType,1,0,1,0,0,0,0,0,0,1,D,D,D,NA,NA,NA,NA,NA,NA
WeightInKg,78,"The recorded weight in kilograms of the individuals in the observation. Use 'OccurrenceComments' for weight methods (e.g., dry weight), calculation or estimation procedures, or other details applied in determining weight.","[value], -999",Float,,occurence,Survey&Event,Occurrence Detail,Sample Metric,MeasurementOrFact,weight,http://rs.tdwg.org/dwc/terms/measurementType,1,0,1,0,0,0,0,0,0,1,NA,NA,NA,NA,NA,NA,D,D,R
Condition,79,"Condition of the organism (coral or sponge) when collected or observed. Use 'Damaged' when greater than 20 % of the colony is damaged.  If both live and dead organisms are present, use 'Live'.   
",Live; Damaged; Dead; NA,Factor,"Where both live and dead coral are present, use 'Live'",occurence,Survey&Event,Occurrence Detail,Sample Metric,MeasurementOrFact,condition,http://rs.tdwg.org/dwc/terms/measurementType,1,0,1,0,0,0,0,0,0,1,D,D,D,NA,NA,NA,NA,NA,NA
AssociatedTaxa,80,"Notable organisms that co-occur with the coral or sponge observation. A list of organisms may be separated by the pipe character with a leading a trailing space, ' | '. Commercially fished species are of particular interest to regional fishery management councils. Methods for determining association (e.g., “touching” or “fish within one meter”) should be noted in 'OccurrenceComments.'",[value]; NA,Character,,occurence,Survey&Event,Occurrence Detail,Taxonomy Metadata,Occurrence,associatedTaxa,http://rs.tdwg.org/dwc/terms/#associatedTaxa,1,0,1,0,0,0,0,0,0,1,D,D,D,NA,NA,NA,NA,NA,NA
OccurrenceComments,81,"Biological or other detail about the observation event that is not addressed elsewhere (e.g. fishing debris). May be remarks from a corresponding column in original data, or 'IndividualCount' values reported as text 'few scattered', or 'pieces' when integers are expected.","[value], NA",Character,,occurence,Survey&Event,Observation Data ,Sample Metadata,Occurrence,occurrenceRemarks,http://rs.tdwg.org/dwc/terms/#occurrenceRemarks,1,0,0,0,0,0,0,0,0,1,NA,D,D,NA,D,D,NA,D,D
StartLatitude,82,"Starting latitude in decimal degrees for observations or samples collected over a distance (e.g., trawls, transects). Precision should be the same as that originally reported; ideally to five decimal places. Geographic coordinate system should be WGS1984. Use 'NavType' and 'LocationAccuracy' to report measurement method and accuracy, respectively.  Use 'LocationComments' to make addtional notes about location determination. ","[value], -999",Float,,occurence,Survey&Event,Event Data,Location Metric,MeasurementOrFact,startLatitude,http://rs.tdwg.org/dwc/terms/measurementType,1,0,1,0,0,0,0,0,0,1,NA,NA,NA,D,D,R,D,D,R
StartLongitude,83,"Starting longitude in decimal degrees for observations or samples collected over a distance (e.g., trawls, transects). Precision should be the same as that originally reported; ideally to five decimal places.  Geographic coordinate system should be WGS1984. Use 'NavType' and 'LocationAccuracy' to report measurement method and accuracy, respectively.  Use 'LocationComments' to make addtional notes about location determination. ","[value], -999",Float,,occurence,Survey&Event,Event Data,Location Metric,MeasurementOrFact,startLongitude,http://rs.tdwg.org/dwc/terms/measurementType,1,0,1,0,0,0,0,0,0,1,NA,NA,NA,D,D,R,D,D,R
EndLatitude,84,"Ending latitude in decimal degrees for observations or samples collected over a distance (e.g., trawls, transects). Precision should be the same as that originally reported; ideally to five decimal places. Geographic coordinate system should be WGS1984. Use 'NavType' and 'LocationAccuracy' to report measurement method and accuracy, respectively.  Use 'LocationComments' to make addtional notes about location determination. ","[value], -999",Float,,occurence,Survey&Event,Event Data,Location Metric,MeasurementOrFact,endLatitude,http://rs.tdwg.org/dwc/terms/measurementType,1,0,1,0,0,0,0,0,0,1,NA,NA,NA,D,D,R,D,D,R
EndLongitude,85,"Ending longitude in decimal degrees for observations or samples collected over a distance (e.g., trawls, transects). Precision should be the same as that originally reported; ideally to five decimal places.  Geographic coordinate system should be WGS1984. Use 'NavType' and 'LocationAccuracy' to report measurement method and accuracy, respectively.  Use 'LocationComments' to make addtional notes about location determination. ","[value], -999",Float,,occurence,Survey&Event,Event Data,Location Metric,MeasurementOrFact,endLongitude,http://rs.tdwg.org/dwc/terms/measurementType,1,0,1,0,0,0,0,0,0,1,NA,NA,NA,D,D,R,D,D,R
VerbatimLatitude,86,"Latitude, written exactly as was reported in original data set.   Place notes on original coodinate system in 'LocationComments'. ",[value]; NA,Character,,occurence,Survey&Event,Observation Data ,Location Metric,Location,verbatimLatitude,http://rs.tdwg.org/dwc/terms/index.htm#verbatimLatitude,0,1,0,0,0,0,0,0,0,1,NA,NA,NA,NA,NA,NA,NA,NA,NA
VerbatimLongitude,87,"Longitude, written exactly as was reported in original data set.  Place notes on original coodinate system in 'LocationComments'. ",[value]; NA,Character,,occurence,Survey&Event,Observation Data ,Location Metric,Location,verbatimLongitude,http://rs.tdwg.org/dwc/terms/index.htm#verbatimLongitude,0,1,0,0,0,0,0,0,0,1,NA,NA,NA,NA,NA,NA,NA,NA,NA
LocationAccuracy,88,The horizontal distance (in meters) from the given Latitude and Longitude that describes the range of error in the position. Leave the value empty if the uncertainty is unknown or cannot be estimated. Zero is not a valid value for this term.,20m; 50m; 100m; 500m; 1000m; >1000m,Factor,,occurence,Survey&Event,Event Data,Location Metadata,Location,coordinateUncertaintyInMeters,http://rs.tdwg.org/dwc/terms/index.htm#coordinateUncertaintyInMeters,1,0,1,1,1,0,0,0,1,1,P,P,R,P,P,R,P,P,R
NavType,89,"Navigation type used to determine coordinates (e.g., 'USBL' or 'ship GPS'). Further detail on NavType can be captured in 'LocationComments'",ship GPS; USBL; LORAN; other,Factor,,survey,Survey&Event,Event Data,Location Metadata,Location,georeferenceProtocol,http://rs.tdwg.org/dwc/terms/index.htm#georeferenceProtocol,1,0,1,1,0,0,0,0,1,1,D,D,R,D,D,R,D,D,R
OtherData,90,"Other data types collected on the same event where this sample was taken. List of data types separated by a comma (e.g.'CTD, push cores').",[value]; NA,Character,,survey,Survey&Event,Survey Data ,ID Survey,NA,NA,NA,1,0,0,0,0,0,0,0,1,0,NA,NA,D,NA,NA,D,NA,NA,D
Habitat,91,"A description of the geological and biotic environment in which the organism was sampled or observed, described in plain language, preferably in a manner consistent with Coastal and Marine Classification Standard (CMECS) or other regional habitat classification standards. Methods should be reported in 'OccurrenceComments'.",[value]; NA,Factor,,occurence,Habitat,Environment,Environment Habitat,Event,habitat,http://rs.tdwg.org/dwc/terms/#habitat,1,0,1,0,0,0,0,0,0,1,D,D,D,D,D,D,D,D,D
Substrate,92,"Attachment or contact substrate (e.g., dropstone, outcrop, or boulder) of the organism observed. The purpose is to distinguish habitat (like a sandy plain) from attachment point (for instance, a dropstone in a sandy plain). Methods or classification system should be reported in 'OccurrenceComments'.",[value]; NA,Factor,,occurence,Habitat,Environment,Environment Habitat,MeasurementOrFact,substrate,http://rs.tdwg.org/dwc/terms/measurementType,1,0,1,0,0,0,0,0,0,1,D,D,D,D,D,D,D,D,D
CMECSGeoForm,93,"Tectonic or geologic features, such as shelf, canyon, or seamount. See the  Coastal and Marine Ecological Classification Standard catalog for description https://www.cmecscatalog.org/cmecs/index.jsp .",see CMECS,Factor,,occurence,Habitat,Environment,Environment Habitat,MeasurementOrFact,geoformCMECS,http://rs.tdwg.org/dwc/terms/measurementType,1,0,1,0,0,0,0,0,0,1,NA,D,D,NA,D,D,NA,D,D
CMECSSubstrate,94,Geologic or biogenic substrate. See the  Coastal and Marine Ecological Classification Standard catalog for description https://www.cmecscatalog.org/cmecs/index.jsp .,see CMECS,Factor,,occurence,Habitat,Environment,Environment Habitat,MeasurementOrFact,substrateCMECS,http://rs.tdwg.org/dwc/terms/measurementType,1,0,1,0,0,0,0,0,0,1,NA,D,D,NA,D,D,NA,D,D
CMECSBiotic,95,Biotic community present at the observation site. See the  Coastal and Marine Ecological Classification Standard catalog for description https://www.cmecscatalog.org/cmecs/index.jsp .,see CMECS,Factor,,occurence,Habitat,Environment,Environment Habitat,MeasurementOrFact,bioticCMECS,http://rs.tdwg.org/dwc/terms/measurementType,1,0,1,0,0,0,0,0,0,1,NA,D,D,NA,D,D,NA,D,D
Temperature,96,Temperature in degrees Celsius for 'EventID'. Use best value or averaged value. Methods should be reported in 'OccurrenceComments'. ,[value]; -999,Float,,occurence,Habitat,Environment,Environment Metric,MeasurementOrFact,temperature,http://rs.tdwg.org/dwc/terms/measurementType,1,0,1,0,0,0,0,0,0,1,D,D,D ,D,D,D,D,D,D
Salinity,97,Salinity in PSU for 'EventID'. Use best value or averaged value.  Methods should be reported in 'OccurrenceComments'.  ,[value]; -999,Float,,occurence,Habitat,Environment,Environment Metric,MeasurementOrFact,salinity,http://rs.tdwg.org/dwc/terms/measurementType,1,0,1,0,0,0,0,0,0,1,D,D,D,D,D,D,D,D,D
Oxygen,98,Dissolved oxygen in mL/L for EventID.  Use best value or averaged value.  Methods should be reported in 'OccurrenceComments'. ,[value]; -999,Float,,occurence,Habitat,Environment,Environment Metric,MeasurementOrFact,oxygen,http://rs.tdwg.org/dwc/terms/measurementType,1,0,1,0,0,0,0,0,0,1,D,D,D,D,D,D,D,D,D
pH,99,pH value in units of total pH. Methods should be reported in 'OccurrenceComments'.,[value]; -999,Float,,occurence,Habitat,Environment,Environment Metric,MeasurementOrFact,pH,http://rs.tdwg.org/dwc/terms/measurementType,0,0,0,0,0,0,0,0,0,1,NA,NA,NA,NA,NA,NA,NA,NA,NA
pHscale,100,Scale used to measure pH. Methods should be reported in 'OccurrenceComments'.,total; NBS; seawater; free; NA,Factor,,occurence,Habitat,Environment,Environment Metric,MeasurementOrFact,pHScale,http://rs.tdwg.org/dwc/terms/measurementType,0,0,0,0,0,0,0,0,0,1,NA,NA,NA,NA,NA,NA,NA,NA,NA
pCO2,101,"Partial pressure of CO2 in seawater, units = microatmospheres.  Methods should be reported in 'OccurrenceComments'.",[value]; -999,Float,,occurence,Habitat,Environment,Environment Metric,MeasurementOrFact,pCO2,http://rs.tdwg.org/dwc/terms/measurementType,0,0,0,0,0,0,0,0,0,1,NA,NA,NA,NA,NA,NA,NA,NA,NA
TA,102,"Total alkalinity, units should be micromoles per kilogram. Methods should be reported in 'OccurrenceComments'.",[value]; -999,Float,,occurence,Habitat,Environment,Environment Metric,MeasurementOrFact,totalAlkalinity,http://rs.tdwg.org/dwc/terms/measurementType,0,0,0,0,0,0,0,0,0,1,NA,NA,NA,NA,NA,NA,NA,NA,NA
DIC,103,"Dissolved inorganic carbon, units should be micromoles per kilogram. Methods should be reported in 'OccurrenceComments'.",[value]; -999,Float,,occurence,Habitat,Environment,Environment Metric,MeasurementOrFact,dissolvedInorganicCarbon,http://rs.tdwg.org/dwc/terms/measurementType,0,0,0,0,0,0,0,0,0,1,NA,NA,NA,NA,NA,NA,NA,NA,NA
RecordType,104,"Denotes the origin and type of record. The options are: published literature ('literature'); a collected specimen, including those from literature ('specimen'); observation from a still image ('still image'); observation from video ('video observation'); cumulative observation from a video transect ('video transect'); notation without a specimen or image ('notation'); or observation from trawl surveys, longline surveys, and/or observer records ('catch record').",literature; specimen; still image; video observation; still image transect; video transect; catch record,Factor,,occurence,Provenance & Updates,Observation Data ,Sample Metadata,Record-Level,basisOfRecord,http://tdwg.github.io/dwc/terms/#basisOfRecord,1,0,1,1,1,1,0,0,1,1,P,R,R,P,R,R,P,R,R
ImageFilePath,105,"Full file path and file name to still image(s) that recorded the observation.  The file path and name will provide the Program with enough information to link the image to the record. Two or more images can be submitted per observation, separated by the pipe character with a leading a trailing space, ' | '. For example, an in-situ and on-deck image of the same organism.   If multiple images are submitted, the first image in the list should be the one that you want displayed on the web mapping portal.  This primary image will be displayed when a web mapping portal user clicks on a coral or sponge point in the map.",[value]; NA,Character,,occurence,Provenance & Updates,Observation Data ,Sample Image,NA,NA,NA,1,1,1,0,0,0,0,0,0,0,D,D,R,NA,NA,NA,D,D,D
HighlightImageFilePath,106,"Full file path and file name pointing to an image of the occurrence. This field should only be populated if the image is an especially good representative image for the taxa of interest. The image can be the same or different than that reported in ImageFilePath. The file path and name will provide the Program with enough information to link the image to the record. Two or more images can be submitted per observation, separated by the pipe character with a leading a trailing space, ' | '. For example, an in-situ and on-deck image of the same organism.   If multiple images are submitted, the first image in the list should be the one that you want displayed on the web mapping portal.  This primary image will be displayed when a web mapping portal user clicks on a coral or sponge point in the map.",[value]; NA,Character,,occurence,Provenance & Updates,Observation Data ,Sample Image,NA,NA,NA,1,1,1,0,0,0,0,0,0,0,D,D,R,NA,NA,NA,D,D,D
DataProvider,107,"Identifies the originator of the data. This is the institution, publication, or individual, who ultimately deserves credit for acquiring or aggregating the data and making it available. A single institution or individual is preferred multiple. When an individual is listed, use 'Last Name, First Name' format.  Publications should be abbreviated as such, 'Pante et al. 2012'.",[value],Character,,dataset,Provenance & Updates,Metadata,ID Institutions and People,Record-Level Term,ownerInstitutionCode,http://rs.tdwg.org/dwc/terms/index.htm#ownerInstitutionCode,1,0,1,1,1,1,0,0,1,1,R,R,R,R,R,R,R,R,R
DataContact,108,"The name and e-mail of the individual who is the primary representative of the 'DataProvider'. The preferred format is 'Last Name, First Name; e-mail'. 'DataProvider' and 'DataContact' may be the same person, if 'DataProvider' is an individual and not an institution.",[value],Factor,,dataset,Provenance & Updates,Metadata ,ID Institutions and People,NA,NA,NA,1,0,1,1,0,0,0,0,1,0,D,R,R,R,R,R,R,R,R
Modified,109,"The most recent date the DataProvider updated or verified the record. Format: YYYY-MM-DD. If the DataProvider does not record or provide this information, the date the record became available to NOAA will be used.",YYYY-MM-DD,Date,This field should never be left null.  ,occurence,Provenance & Updates,Metadata,ID Version,Record-Level Term,modified,http://rs.tdwg.org/dwc/terms/index.htm#dcterms:modified,1,0,1,1,0,0,,0,0,1,R,R,R,R,R,R,R,R,R
EntryUpdate,110,The most recent date the DSCRTP Program updated or verified the record. Format: YYYY-MM-DD.   This variable will only contain a value if the DSCRTP Program has updated a record which has previously been published in the database.  Also see the related variables that inform record versioning: 'Modified' and 'EntryDate'.,YYYY-MM-DD,Date,,occurence,Provenance & Updates,Metadata,ID Version,NA,NA,NA,0,1,0,0,0,0,0,0,0,0,NA,NA,NA,NA,NA,NA,NA,NA,NA
WebSite,111,"World Wide Web link (URL) to an online resource for the 'SurveyEvent' (e.g., a web page devoted to this dataset or expedition). Multiple URLs can be listed and they should be separated the pipe character with a leading a trailing space, ' | '.",valid URL; NA,Character,,survey,Provenance & Updates,Survey Data ,ID Survey,Record-Level Term,references,http://rs.tdwg.org/dwc/terms/index.htm#dcterms:references,1,0,0,0,0,0,0,0,0,1,D,D,D,D,D,D,D,D,D
EntryDate,112,The date on which the record was initially merged into the DSCRTP database by NOAA. Format YYYY-MM-DD. (UTC date).,YYYY-MM-DD,Date,,occurence,Provenance & Updates,Record Keeping,ID Version,NA,NA,NA,0,1,0,0,0,0,,0,1,0,NA,NA,NA,NA,NA,NA,NA,NA,NA
Reporter,113,"Person who submitted the data to the DSCRTP.  This person does not have to be the same as DataContact, DataProvider, or PI. Format should be LastName, FirstName",[value]; NA,Factor,,dataset,Provenance & Updates,Record Keeping,ID Institutions and People,NA,NA,NA,1,1,0,0,0,1,0,0,1,0,R,R,R,R,R,R,R,R,R
ReporterEmail,114,E-mail of the reporter. ,[value]; NA,Factor,,dataset,Provenance & Updates,Record Keeping,ID Institutions and People,NA,NA,NA,1,1,0,0,0,0,0,0,1,0,D,D,R,D,D,R,D,D,R
ReporterComments,115,Other comments by or about the 'Reporter'.  ,[value]; NA,Character,,dataset,Provenance & Updates,Record Keeping,ID Institutions and People,NA,NA,NA,1,1,0,0,0,0,0,0,1,0,D,D,D,D,D,D,D,D,D
AccessionID,116,Internal field that holds the offficial identifier for a dataset as it is named upon receipt from the data provider and as it moves through the QA process.   The form of this Accession ID  [Data Provider Abbreviation]_[SurveyID or other short descriptive term if needed ]_[beginning ObservationYear]_[ending ObservationYear].,[value],Character,,dataset,Internal&GIS Fields,Record Keeping,ID Dataset,NA,NA,NA,0,1,1,1,0,0,0,0,0,0,NA,NA,NA,NA,NA,NA,NA,NA,NA
gisLandCheck,117,GIS based field for internal use in data QA.,1; 0; -999,Logical,,occurence,Internal&GIS Fields,GIS Enhancement,Location Named Place,NA,NA,NA,0,1,0,0,0,0,0,1,0,0,NA,NA,NA,NA,NA,NA,NA,NA,NA
gisCRMDepth,118,GIS derived depth (bathymetry is Coastal Relief Model) ,"[value], -999",Float,,occurence,Internal&GIS Fields,GIS Enhancement,Location-Depth Metric,NA,NA,NA,0,0,0,1,0,0,0,1,0,0,NA,NA,NA,NA,NA,NA,NA,NA,NA
gisGEBCODepth,119,GIS-derived depth at the reported 'Latitude' and 'Longitude'. The GEBCO_2020 grid is used.  https://www.gebco.net/data_and_products/gridded_bathymetry_data/,"[value], -999",Float,,occurence,Internal&GIS Fields,GIS Enhancement,Location-Depth Metric,NA,NA,NA,0,0,0,1,0,0,0,1,0,0,NA,NA,NA,NA,NA,NA,NA,NA,NA
gisEtopoDepth,120,GIS derived depth (bathymetry is ETOPO1) .,"[value], -999",Float,,occurence,Internal&GIS Fields,GIS Enhancement,Location-Depth Metric,NA,NA,NA,0,0,0,1,0,0,0,1,0,0,NA,NA,NA,NA,NA,NA,NA,NA,NA
gisNGIALocality,121,GIS derived Locality (based on NGIA point placenames) - 30km max search distance for matching.,[value]; NA,Factor,,occurence,Internal&GIS Fields,GIS Enhancement,Location Named Place,NA,NA,NA,0,1,0,0,0,0,0,1,0,0,NA,NA,NA,NA,NA,NA,NA,NA,NA
gisGEBCOLocality,122,GIS derived Locality (based on GEBCO point placenames) - 30km max search distance for matching.,[value]; NA,Factor,,occurence,Internal&GIS Fields,GIS Enhancement,Location Named Place,NA,NA,NA,0,1,0,0,0,0,0,1,0,0,NA,NA,NA,NA,NA,NA,NA,NA,NA
gisNGIADist,123,Distance to nearest official NGIA locality (km).,[value]: -999,Float,,occurence,Internal&GIS Fields,GIS Enhancement,Location Named Place,NA,NA,NA,0,1,0,0,0,0,0,1,0,0,NA,NA,NA,NA,NA,NA,NA,NA,NA
gisGEBCODist,124,Distance to nearest official GEBCO locality (km).,[value]: -999,Float,,occurence,Internal&GIS Fields,GIS Enhancement,Location Named Place,NA,NA,NA,0,1,0,0,0,0,0,1,0,0,NA,NA,NA,NA,NA,NA,NA,NA,NA
gisLME,125,GIS derived Large Marine Ecosystem (LME) region. http://geonetwork.vliz.be/geonetwork/srv/eng/catalog.search#/metadata/acc70a46-6a47-411c-9815-436234daba0d ,[value]: NA,Factor,,occurence,Internal&GIS Fields,GIS Enhancement,Location Named Place,NA,NA,NA,0,1,0,0,0,0,0,1,0,0,NA,NA,NA,NA,NA,NA,NA,NA,NA
gisMEOW,126,"GIS derived Marine Ecoregions of the World, MEOW (Spalding et al., 2007) see: https://www.marineregions.org/sources.php#meow.","[value], NA",Factor,,occurence,Internal&GIS Fields,GIS Enhancement,Location Named Place,Location,higherGeography,http://rs.tdwg.org/dwc/terms/higherGeography,0,0,0,0,0,0,0,1,0,1,NA,NA,NA,NA,NA,NA,NA,NA,NA
gisIHOSeas,127,GIS derived IHO Seas.,[value]: NA,Factor,,occurence,Internal&GIS Fields,GIS Enhancement,Location Named Place,NA,NA,NA,0,1,0,0,0,0,0,1,0,0,NA,NA,NA,NA,NA,NA,NA,NA,NA
gisCaribbeanFMC,128,GIS derived (interects with FMC idendified in name).,1; 0; -999,Logical,,occurence,Internal&GIS Fields,GIS Enhancement,Location Named Place,NA,NA,NA,0,1,0,0,0,0,0,1,0,0,NA,NA,NA,NA,NA,NA,NA,NA,NA
gisGulfOfMexicoFMC,129,GIS derived (interects with FMC idendified in name).,1; 0; -999,Logical,,occurence,Internal&GIS Fields,GIS Enhancement,Location Named Place,NA,NA,NA,0,1,0,0,0,0,0,1,0,0,NA,NA,NA,NA,NA,NA,NA,NA,NA
gisMidAtlanticFMC,130,GIS derived (interects with FMC idendified in name).,1; 0; -999,Logical,,occurence,Internal&GIS Fields,GIS Enhancement,Location Named Place,NA,NA,NA,0,1,0,0,0,0,0,1,0,0,NA,NA,NA,NA,NA,NA,NA,NA,NA
gisNewEnglandFMC,131,GIS derived (interects with FMC idendified in name).,1; 0; -999,Logical,,occurence,Internal&GIS Fields,GIS Enhancement,Location Named Place,Location,NA,NA,0,1,0,0,0,0,0,1,0,0,NA,NA,NA,NA,NA,NA,NA,NA,NA
gisNorthPacificFMC,132,GIS derived (interects with FMC idendified in name).,1; 0; -999,Logical,,occurence,Internal&GIS Fields,GIS Enhancement,Location Named Place,Location,NA,NA,0,1,0,0,0,0,0,1,0,0,NA,NA,NA,NA,NA,NA,NA,NA,NA
gisPacificFMC,133,GIS derived (interects with FMC idendified in name).,1; 0; -999,Logical,,occurence,Internal&GIS Fields,GIS Enhancement,Location Named Place,Location,NA,NA,0,1,0,0,0,0,0,1,0,0,NA,NA,NA,NA,NA,NA,NA,NA,NA
gisSouthAtlanticFMC,134,GIS derived (interects with FMC idendified in name).,1; 0; -999,Logical,,occurence,Internal&GIS Fields,GIS Enhancement,Location Named Place,Location,NA,NA,0,1,0,0,0,0,0,1,0,0,NA,NA,NA,NA,NA,NA,NA,NA,NA
gisWesternPacificFMC,135,GIS derived (interects with FMC idendified in name).,1; 0; -999,Logical,,occurence,Internal&GIS Fields,GIS Enhancement,Location Named Place,Location,NA,NA,0,1,0,0,0,0,0,1,0,0,NA,NA,NA,NA,NA,NA,NA,NA,NA